{
	"info": {
		"_postman_id": "00be3f5f-5c40-4d5e-9ae8-f5d98d4efca9",
		"name": "01_02_Location",
		"schema": "https://schema.getpostman.com/json/collection/v2.1.0/collection.json",
		"_exporter_id": "26499707"
	},
	"item": [
		{
			"name": "addOneLocation",
			"request": {
				"auth": {
					"type": "bearer",
					"bearer": [
						{
							"key": "token",
							"value": "{{accesstoken}}",
							"type": "string"
						}
					]
				},
				"method": "POST",
				"header": [],
				"body": {
					"mode": "raw",
					"raw": "{\r\n\"locationName\":\"R0MAJIMA\",\r\n\"description\":\"Grab and Go\",\r\n\"locationType\":\"DINING_HALL\",\r\n\"capacity\":50\r\n}",
					"options": {
						"raw": {
							"language": "json"
						}
					}
				},
				"url": {
					"raw": "localhost:8080/locations",
					"host": [
						"localhost"
					],
					"port": "8080",
					"path": [
						"locations"
					]
				}
			},
			"response": []
		},
		{
			"name": "UpdateOneLocation",
			"request": {
				"auth": {
					"type": "bearer",
					"bearer": [
						{
							"key": "token",
							"value": "{{accessToken}}",
							"type": "string"
						}
					]
				},
				"method": "PUT",
				"header": [],
				"body": {
					"mode": "raw",
					"raw": "{\r\n\"locationName\":\"arjun\"\r\n\r\n}",
					"options": {
						"raw": {
							"language": "json"
						}
					}
				},
				"url": {
					"raw": "localhost:8080/locations/2",
					"host": [
						"localhost"
					],
					"port": "8080",
					"path": [
						"locations",
						"2"
					]
				}
			},
			"response": []
		},
		{
			"name": "getAllLocation",
			"request": {
				"auth": {
					"type": "bearer",
					"bearer": [
						{
							"key": "token",
							"value": "{{accesstoken}}",
							"type": "string"
						}
					]
				},
				"method": "GET",
				"header": [],
				"url": {
					"raw": "localhost:8080/locations",
					"host": [
						"localhost"
					],
					"port": "8080",
					"path": [
						"locations"
					]
				}
			},
			"response": []
		},
		{
			"name": "deleteOneLocationByLocationId",
			"request": {
				"method": "DELETE",
				"header": [],
				"url": {
					"raw": "localhost:8080/locations/2",
					"host": [
						"localhost"
					],
					"port": "8080",
					"path": [
						"locations",
						"2"
					]
				}
			},
			"response": []
		}
	]
}