{
	"info": {
		"_postman_id": "aa5f9e2b-cc5f-4f4a-8851-81c1b9ca5fba",
		"name": "01_02_Timeslot",
		"schema": "https://schema.getpostman.com/json/collection/v2.1.0/collection.json",
		"_exporter_id": "26499707"
	},
	"item": [
		{
			"name": "addtimeslot",
			"request": {
				"auth": {
					"type": "bearer",
					"bearer": [
						{
							"key": "token",
							"value": "eyJhbGciOiJIUzUxMiJ9.eyJzdWIiOiJzdHVkZW50MkBnbWFpbC5jb20iLCJpYXQiOjE2Nzk1NzQ5NDcsImV4cCI6MTY3OTU4NTc0N30.ki5Y1MwLzpoFKp3MW1MvQzhx4JdlQ33plW66RZbPtDVhcFeivylxhvlFyYL6HcI0mUkP9Y9WPeimSlk4NIey9Q",
							"type": "string"
						}
					]
				},
				"method": "POST",
				"header": [],
				"body": {
					"mode": "raw",
					"raw": "{\r\n    \"startTime\": \"10:00:00\",\r\n    \"endTime\": \"22:00:00\",\r\n    \"dayOfWeek\": \"TUESDAY\",\r\n    \"location\": {\r\n        \"locationId\":12\r\n    }\r\n}",
					"options": {
						"raw": {
							"language": "json"
						}
					}
				},
				"url": {
					"raw": "localhost:8080/timeslots/",
					"host": [
						"localhost"
					],
					"port": "8080",
					"path": [
						"timeslots",
						""
					]
				}
			},
			"response": []
		},
		{
			"name": "updateTiemsLot",
			"request": {
				"auth": {
					"type": "bearer",
					"bearer": [
						{
							"key": "token",
							"value": "{{accessToken}}",
							"type": "string"
						}
					]
				},
				"method": "PUT",
				"header": [],
				"body": {
					"mode": "raw",
					"raw": "{\r\n    \"timeslotId\": 1,\r\n    \"startTime\": \"10:00:00\",\r\n    \"endTime\": \"12:00:00\",\r\n    \"dayOfWeek\": \"MONDAY\",\r\n    \"location\": {\r\n        \"locationId\": 2,\r\n        \"locationName\": \"Library110\",\r\n        \"description\": \"Come rear go\",\r\n        \"locationType\": \"CLASSROOM\",\r\n        \"capacity\": 25\r\n    }\r\n}",
					"options": {
						"raw": {
							"language": "json"
						}
					}
				},
				"url": {
					"raw": "localhost:8080/timeslots/1",
					"host": [
						"localhost"
					],
					"port": "8080",
					"path": [
						"timeslots",
						"1"
					]
				}
			},
			"response": []
		},
		{
			"name": "deleteTimeslot",
			"request": {
				"auth": {
					"type": "bearer",
					"bearer": [
						{
							"key": "token",
							"value": "{{accessToken}}",
							"type": "string"
						}
					]
				},
				"method": "DELETE",
				"header": [],
				"url": {
					"raw": "localhost:8080/timeslots/1",
					"host": [
						"localhost"
					],
					"port": "8080",
					"path": [
						"timeslots",
						"1"
					]
				}
			},
			"response": []
		},
		{
			"name": "getAllTimeslot",
			"request": {
				"auth": {
					"type": "bearer",
					"bearer": [
						{
							"key": "token",
							"value": "eyJhbGciOiJIUzUxMiJ9.eyJzdWIiOiJzdHVkZW50MkBnbWFpbC5jb20iLCJpYXQiOjE2Nzk1OTIxMTAsImV4cCI6MTY3OTYwMjkxMH0.bkqOLpj_2QorGL4YFYhhYd7qRno3d-AJHMkGg5BOTR6Qg2PgZDV8AwpLrDFSwIrUggdhggT-oHfnHB4I1WF-Kg",
							"type": "string"
						}
					]
				},
				"method": "GET",
				"header": [],
				"url": {
					"raw": "localhost:8080/timeslots",
					"host": [
						"localhost"
					],
					"port": "8080",
					"path": [
						"timeslots"
					]
				}
			},
			"response": []
		}
	]
}