{
	"info": {
		"_postman_id": "ed66f270-f1c6-4cb2-80a1-695b5a9db5e6",
		"name": "01_01_Plan",
		"schema": "https://schema.getpostman.com/json/collection/v2.1.0/collection.json",
		"_exporter_id": "26499707"
	},
	"item": [
		{
			"name": "getMembershipPlanasOfMemberBymemberId",
			"request": {
				"auth": {
					"type": "bearer",
					"bearer": [
						{
							"key": "token",
							"value": "eyJhbGciOiJIUzUxMiJ9.eyJzdWIiOiJzdHVkZW50MkBnbWFpbC5jb20iLCJpYXQiOjE2Nzk1MzMxMDMsImV4cCI6MTY3OTUzNDE4M30.fJ1vnjthEysbOCw-4-GA8d0lmJIVKPh-UZXwefKcYz0m2gGkUI8qN7BK6lH2lUoLNunZlJLiSj1qPc6XaE_SKg",
							"type": "string"
						}
					]
				},
				"method": "GET",
				"header": [],
				"url": {
					"raw": "localhost:8080/plans/3",
					"host": [
						"localhost"
					],
					"port": "8080",
					"path": [
						"plans",
						"3"
					]
				}
			},
			"response": []
		},
		{
			"name": "addPlan",
			"request": {
				"auth": {
					"type": "bearer",
					"bearer": [
						{
							"key": "token",
							"value": "eyJhbGciOiJIUzUxMiJ9.eyJzdWIiOiJzdHVkZW50MkBnbWFpbC5jb20iLCJpYXQiOjE2Nzk1ODYzMzIsImV4cCI6MTY3OTU5NzEzMn0.H8ZlwjbPjAM3V8gm6y5rfDVpYQx-_bhBQyjZel8EJuc9wDdm-E9-u0Wqd1Kny9XagxfCz5ZHOEVSeINUBbnHkA",
							"type": "string"
						}
					]
				},
				"method": "POST",
				"header": [],
				"body": {
					"mode": "raw",
					"raw": "{\r\n    \"name\": \"MealPlan\",\r\n    \"planDescription\": \"This is the meal plan for r0\"\r\n}",
					"options": {
						"raw": {
							"language": "json"
						}
					}
				},
				"url": {
					"raw": "localhost:8080/plans",
					"host": [
						"localhost"
					],
					"port": "8080",
					"path": [
						"plans"
					]
				}
			},
			"response": []
		},
		{
			"name": "getListOfLocationByPlanId",
			"request": {
				"auth": {
					"type": "bearer",
					"bearer": [
						{
							"key": "token",
							"value": "eyJhbGciOiJIUzUxMiJ9.eyJzdWIiOiJzdHVkZW50MkBnbWFpbC5jb20iLCJpYXQiOjE2Nzk1MzcwNjcsImV4cCI6MTY3OTU0Nzg2N30.oG-5ykp_UMWMWYhLowOz-353ju3eDsDqqO9QsRVOrYZKKCeXh-y4_9Vjl6ghO_REI7oZv9Gli8OrCrJ7tVpOQw",
							"type": "string"
						}
					]
				},
				"method": "GET",
				"header": [],
				"url": {
					"raw": "localhost:8080/plans/1/locations",
					"host": [
						"localhost"
					],
					"port": "8080",
					"path": [
						"plans",
						"1",
						"locations"
					]
				}
			},
			"response": []
		},
		{
			"name": "updatePlan",
			"request": {
				"method": "PUT",
				"header": [],
				"body": {
					"mode": "raw",
					"raw": "{\r\n    \"name\":\"sport222 plan\",\r\n    \"planDescription\":\"This is the meal plan for sport222\"\r\n\r\n    \r\n}\r\n",
					"options": {
						"raw": {
							"language": "json"
						}
					}
				},
				"url": {
					"raw": "localhost:8080/plans/1",
					"host": [
						"localhost"
					],
					"port": "8080",
					"path": [
						"plans",
						"1"
					]
				}
			},
			"response": []
		},
		{
			"name": "deletePlan",
			"request": {
				"auth": {
					"type": "bearer",
					"bearer": [
						{
							"key": "token",
							"value": "eyJhbGciOiJIUzUxMiJ9.eyJzdWIiOiJzdHVkZW50MkBnbWFpbC5jb20iLCJpYXQiOjE2Nzk1MzY1NDYsImV4cCI6MTY3OTU0NzM0Nn0.wdimJ3CjAsl1cZ4vY9K5JnH0erXwW9-qClqy664O22Ug-l4ygkhFrWtAToyBw5sk-F49ta7_PTwTLjjju2Wh5g",
							"type": "string"
						}
					]
				},
				"method": "DELETE",
				"header": [],
				"url": {
					"raw": "localhost:8080/plans/1",
					"host": [
						"localhost"
					],
					"port": "8080",
					"path": [
						"plans",
						"1"
					]
				}
			},
			"response": []
		}
	],
	"auth": {
		"type": "bearer",
		"bearer": [
			{
				"key": "token",
				"value": "eyJhbGciOiJIUzUxMiJ9.eyJzdWIiOiJhcmp1bkBlbWFpbC5jb20iLCJpYXQiOjE2Nzk1MTU5NTUsImV4cCI6MTY3OTUxNzAzNX0.bIm1e_aAdBXtIBvNDbIbQOqpsCQlPyiZ74Qdn1oVMGJsBRoSipax7XZNe0COTY1rwRWmCdTGN_qu6nYoY7jnww",
				"type": "string"
			}
		]
	},
	"event": [
		{
			"listen": "prerequest",
			"script": {
				"type": "text/javascript",
				"exec": [
					""
				]
			}
		},
		{
			"listen": "test",
			"script": {
				"type": "text/javascript",
				"exec": [
					""
				]
			}
		}
	]
}