{
	"info": {
		"_postman_id": "c5a6777e-ac8e-44f8-bc4b-e2fd74818054",
		"name": "02_03_Membership",
		"schema": "https://schema.getpostman.com/json/collection/v2.1.0/collection.json",
		"_exporter_id": "26499707"
	},
	"item": [
		{
			"name": "getMembershipOfMemberbyId",
			"request": {
				"auth": {
					"type": "bearer",
					"bearer": [
						{
							"key": "token",
							"value": "eyJhbGciOiJIUzUxMiJ9.eyJzdWIiOiJzdHVkZW50MkBnbWFpbC5jb20iLCJpYXQiOjE2Nzk1OTg3MzQsImV4cCI6MTY3OTYwOTUzNH0.KbvYOWrqdgFHflTxQzbXI6NmaDK6s_fbLBNtzY6wien_au1DbBdg6hMUzxhMZVfbhFbWtvvcxHb4ufCpLOaBIA",
							"type": "string"
						}
					]
				},
				"method": "GET",
				"header": [],
				"url": {
					"raw": "localhost:8080/memberships/2",
					"host": [
						"localhost"
					],
					"port": "8080",
					"path": [
						"memberships",
						"2"
					]
				}
			},
			"response": []
		},
		{
			"name": "deleteMembershipById",
			"request": {
				"auth": {
					"type": "bearer",
					"bearer": [
						{
							"key": "token",
							"value": "eyJhbGciOiJIUzUxMiJ9.eyJzdWIiOiJzdHVkZW50MkBnbWFpbC5jb20iLCJpYXQiOjE2Nzk1MzYyNjcsImV4cCI6MTY3OTU0NzA2N30.9Cxy4s2VWEhTnCoUv_R4PfBrNgYwXEV8MCWMQO7uwSD8ZG2jaGKYCm0XwYF-5o1nj00A4plIP2ndy1UhcMQV-A",
							"type": "string"
						}
					]
				},
				"method": "DELETE",
				"header": [],
				"url": {
					"raw": "localhost:8080/memberships/5",
					"host": [
						"localhost"
					],
					"port": "8080",
					"path": [
						"memberships",
						"5"
					]
				}
			},
			"response": []
		},
		{
			"name": "addMembership",
			"request": {
				"auth": {
					"type": "bearer",
					"bearer": [
						{
							"key": "token",
							"value": "eyJhbGciOiJIUzUxMiJ9.eyJzdWIiOiJzdHVkZW50MkBnbWFpbC5jb20iLCJpYXQiOjE2Nzk2MDIyNDIsImV4cCI6MTY3OTYxMzA0Mn0._HUlXZzEeAEdizwDX3tFMO7IkUSwsidNGmHqtXiTepVdOVe1vuqKwTEdjljsh2ZPw_UkvJdmHQ5amRDkQWi04Q",
							"type": "string"
						}
					]
				},
				"method": "POST",
				"header": [],
				"body": {
					"mode": "raw",
					"raw": "{\r\n        \"startDate\": \"2022-01-01T00:00:00\",\r\n        \"endDate\": \"2023-12-31T00:00:00\",\r\n        \"type\": \"LIMITED\",\r\n        \"currentUsage\": 1000       \r\n}",
					"options": {
						"raw": {
							"language": "json"
						}
					}
				},
				"url": {
					"raw": "localhost:8080/memberships",
					"host": [
						"localhost"
					],
					"port": "8080",
					"path": [
						"memberships"
					]
				}
			},
			"response": []
		},
		{
			"name": "update membership",
			"request": {
				"auth": {
					"type": "bearer",
					"bearer": [
						{
							"key": "token",
							"value": "eyJhbGciOiJIUzUxMiJ9.eyJzdWIiOiJzdHVkZW50MkBnbWFpbC5jb20iLCJpYXQiOjE2Nzk1OTQyMTMsImV4cCI6MTY3OTYwNTAxM30.M_00xIWt-FHgtSiO1JD9Ro_fYwCzRwjcpmc2au32cgexFVYXw862GbfmEKI-X1jd3r5BXwBXcq2JotKQu-0FNw",
							"type": "string"
						}
					]
				},
				"method": "PUT",
				"header": [],
				"body": {
					"mode": "raw",
					"raw": "{\r\n    \"startDate\": \"2023-01-01T00:00:00\",\r\n    \"endDate\": \"2024-12-31T00:00:00\",\r\n    \"type\": \"UNLIMITED\",\r\n    \"currentUsage\": 199\r\n}",
					"options": {
						"raw": {
							"language": "json"
						}
					}
				},
				"url": {
					"raw": "localhost:8080/memberships/2",
					"host": [
						"localhost"
					],
					"port": "8080",
					"path": [
						"memberships",
						"2"
					]
				}
			},
			"response": []
		}
	]
}