{
	"info": {
		"_postman_id": "0a619d69-a41e-4bd8-b141-5c60abffcc63",
		"name": "02_03_Badge",
		"schema": "https://schema.getpostman.com/json/collection/v2.1.0/collection.json",
		"_exporter_id": "26499707"
	},
	"item": [
		{
			"name": "getAllBadgeOfOneMemberByMemberID",
			"request": {
				"method": "GET",
				"header": [],
				"url": {
					"raw": "localhost:8080/badges",
					"host": [
						"localhost"
					],
					"port": "8080",
					"path": [
						"badges"
					]
				}
			},
			"response": []
		},
		{
			"name": "AddBadge",
			"request": {
				"auth": {
					"type": "bearer",
					"bearer": [
						{
							"key": "token",
							"value": "eyJhbGciOiJIUzUxMiJ9.eyJzdWIiOiJzdHVkZW50MkBnbWFpbC5jb20iLCJpYXQiOjE2Nzk1OTE4NTcsImV4cCI6MTY3OTYwMjY1N30.28KHp-dY_z6QpF6n4QjLroA7p9F-ghkXEDnQdq0fBMQeMojVdaeJAS6vrr2eQFM4JeYX0szM1yW9JgNY3JJQkg",
							"type": "string"
						}
					]
				},
				"method": "POST",
				"header": [],
				"body": {
					"mode": "raw",
					"raw": " {\r\n        \"badgeCode\": \"666666-BBBB-CCCC-DDDD\",\r\n        \"status\": \"ACTIVE\",\r\n        \"member\":{\r\n            \"memberId\":27\r\n        }\r\n    }",
					"options": {
						"raw": {
							"language": "json"
						}
					}
				},
				"url": {
					"raw": "localhost:8080/badges",
					"host": [
						"localhost"
					],
					"port": "8080",
					"path": [
						"badges"
					]
				}
			},
			"response": []
		},
		{
			"name": "Changing Badgestatus",
			"request": {
				"auth": {
					"type": "bearer",
					"bearer": [
						{
							"key": "token",
							"value": "{{accesstoken}}",
							"type": "string"
						}
					]
				},
				"method": "PUT",
				"header": [],
				"url": {
					"raw": "localhost:8080/badges/1",
					"host": [
						"localhost"
					],
					"port": "8080",
					"path": [
						"badges",
						"1"
					]
				}
			},
			"response": []
		}
	],
	"auth": {
		"type": "bearer",
		"bearer": [
			{
				"key": "token",
				"value": "{{accesstoken}}",
				"type": "string"
			}
		]
	},
	"event": [
		{
			"listen": "prerequest",
			"script": {
				"type": "text/javascript",
				"exec": [
					""
				]
			}
		},
		{
			"listen": "test",
			"script": {
				"type": "text/javascript",
				"exec": [
					""
				]
			}
		}
	]
}