{
	"info": {
		"_postman_id": "fffd427b-7804-43cd-9565-30f25b752b64",
		"name": "02_01_Role",
		"schema": "https://schema.getpostman.com/json/collection/v2.1.0/collection.json",
		"_exporter_id": "26499707"
	},
	"item": [
		{
			"name": "getRoleById",
			"request": {
				"auth": {
					"type": "bearer",
					"bearer": [
						{
							"key": "token",
							"value": "eyJhbGciOiJIUzUxMiJ9.eyJzdWIiOiJzdHVkZW50MkBnbWFpbC5jb20iLCJpYXQiOjE2Nzk1OTg0MjcsImV4cCI6MTY3OTYwOTIyN30.5dsxYMjw_tNdoyhqMWQXXER8Y0GKe1jDvNCxeIZaICIxDTTsul7tl7kHINsskxxnt1NFCr2lr6KTZS8yVifktg",
							"type": "string"
						}
					]
				},
				"method": "GET",
				"header": [],
				"url": {
					"raw": "localhost:8080/roles/1",
					"host": [
						"localhost"
					],
					"port": "8080",
					"path": [
						"roles",
						"1"
					]
				}
			},
			"response": []
		},
		{
			"name": "Add one Role",
			"request": {
				"auth": {
					"type": "bearer",
					"bearer": [
						{
							"key": "token",
							"value": "{{accesstoken}}",
							"type": "string"
						}
					]
				},
				"method": "GET",
				"header": [],
				"url": {
					"raw": "localhost:8080/roles/1",
					"host": [
						"localhost"
					],
					"port": "8080",
					"path": [
						"roles",
						"1"
					]
				}
			},
			"response": []
		},
		{
			"name": "login",
			"request": {
				"method": "POST",
				"header": [],
				"body": {
					"mode": "raw",
					"raw": "{\r\n    \"email\":\"student2@gmail.com\",\r\n    \"password\":\"123\"\r\n}",
					"options": {
						"raw": {
							"language": "json"
						}
					}
				},
				"url": {
					"raw": "localhost:8080/login",
					"host": [
						"localhost"
					],
					"port": "8080",
					"path": [
						"login"
					]
				}
			},
			"response": []
		}
	]
}