{
	"info": {
		"_postman_id": "ebb6fb8f-3eef-4e09-922e-d52402e68c36",
		"name": "02_02Member",
		"schema": "https://schema.getpostman.com/json/collection/v2.1.0/collection.json",
		"_exporter_id": "26499707"
	},
	"item": [
		{
			"name": "AddMember",
			"request": {
				"auth": {
					"type": "bearer",
					"bearer": [
						{
							"key": "token",
							"value": "eyJhbGciOiJIUzUxMiJ9.eyJzdWIiOiJzdHVkZW50MkBnbWFpbC5jb20iLCJpYXQiOjE2Nzk1ODA0MzksImV4cCI6MTY3OTU5MTIzOX0.RApCIWH-1_7nEfBW2EXxJlkfNgvgd4des6u01HFnbt9TiNPExdD5-GMFAU0tv94Z1bEQhA_fq15we_qfd1iXiQ",
							"type": "string"
						}
					]
				},
				"method": "POST",
				"header": [],
				"body": {
					"mode": "raw",
					"raw": "{\r\n    \"firstName\": \"Moeeeeee Thida\",\r\n    \"lastName\": \"TD\",\r\n    \"email\": \"moe@gmail.com\",\r\n    \"password\": \"123\",\r\n    \"role\": [\r\n        {\r\n            \"roleId\": 1\r\n        },\r\n        {\r\n            \"roleId\": 2\r\n        }\r\n    ]\r\n}",
					"options": {
						"raw": {
							"language": "json"
						}
					}
				},
				"url": {
					"raw": "localhost:8080/members",
					"host": [
						"localhost"
					],
					"port": "8080",
					"path": [
						"members"
					]
				}
			},
			"response": []
		},
		{
			"name": "GetAllMembers",
			"request": {
				"auth": {
					"type": "bearer",
					"bearer": [
						{
							"key": "token",
							"value": "{{accesstoken}}",
							"type": "string"
						}
					]
				},
				"method": "GET",
				"header": [],
				"url": {
					"raw": "localhost:8080/members",
					"host": [
						"localhost"
					],
					"port": "8080",
					"path": [
						"members"
					]
				}
			},
			"response": []
		},
		{
			"name": "updateMember",
			"request": {
				"auth": {
					"type": "bearer",
					"bearer": [
						{
							"key": "token",
							"value": "{{accesstoken}}",
							"type": "string"
						}
					]
				},
				"method": "PUT",
				"header": [],
				"body": {
					"mode": "raw",
					"raw": "{\r\n    \"name\":\"Bob\",\r\n    \"lastName\":\"Frank\"\r\n\r\n}",
					"options": {
						"raw": {
							"language": "json"
						}
					}
				},
				"url": {
					"raw": "localhost:8080/members/1",
					"host": [
						"localhost"
					],
					"port": "8080",
					"path": [
						"members",
						"1"
					]
				}
			},
			"response": []
		},
		{
			"name": "GetMemberById",
			"protocolProfileBehavior": {
				"disableBodyPruning": true
			},
			"request": {
				"auth": {
					"type": "bearer",
					"bearer": [
						{
							"key": "token",
							"value": "eyJhbGciOiJIUzUxMiJ9.eyJzdWIiOiJzdHVkZW50MkBnbWFpbC5jb20iLCJpYXQiOjE2Nzk1Nzk0NTgsImV4cCI6MTY3OTU5MDI1OH0.BxGhGCeiLo33IuC5ZwEINdTNvDuCdMrXTG33Brqiegrdg2zrYpY4zx90l7pEzOPnWEU8A3EoQgj452YvK0-Erw",
							"type": "string"
						}
					]
				},
				"method": "GET",
				"header": [],
				"body": {
					"mode": "raw",
					"raw": "{\r\n    \"name\":\"Bob\",\r\n    \"lastName\":\"Frank\"\r\n\r\n}",
					"options": {
						"raw": {
							"language": "json"
						}
					}
				},
				"url": {
					"raw": "localhost:8080/members/17",
					"host": [
						"localhost"
					],
					"port": "8080",
					"path": [
						"members",
						"17"
					]
				}
			},
			"response": []
		},
		{
			"name": "deleteMemberById",
			"request": {
				"auth": {
					"type": "bearer",
					"bearer": [
						{
							"key": "token",
							"value": "{{accesstoken}}",
							"type": "string"
						}
					]
				},
				"method": "DELETE",
				"header": [],
				"url": {
					"raw": "localhost:8080/members/2",
					"host": [
						"localhost"
					],
					"port": "8080",
					"path": [
						"members",
						"2"
					]
				}
			},
			"response": []
		}
	]
}