{
	"info": {
		"_postman_id": "ea120b27-9c3f-4b17-a0b9-3e86d39d9bf8",
		"name": "05-02_BadgeTransaction",
		"schema": "https://schema.getpostman.com/json/collection/v2.1.0/collection.json",
		"_exporter_id": "26499707"
	},
	"item": [
		{
			"name": "Grt Transaction By Id",
			"request": {
				"auth": {
					"type": "bearer",
					"bearer": [
						{
							"key": "token",
							"value": "eyJhbGciOiJIUzUxMiJ9.eyJzdWIiOiJzdHVkZW50MkBnbWFpbC5jb20iLCJpYXQiOjE2Nzk1ODk1NzksImV4cCI6MTY3OTYwMDM3OX0.ckMeWTBzwAO3EK3N1uXIcZHYD3ERXzWemz7ozGw1laMisDztUuTATGNgDoGtq-sL2u6O0OM1ycHD1Z9_Df0dOQ",
							"type": "string"
						}
					]
				},
				"method": "GET",
				"header": [],
				"url": {
					"raw": "localhost:8080/transactions/5",
					"host": [
						"localhost"
					],
					"port": "8080",
					"path": [
						"transactions",
						"5"
					]
				}
			},
			"response": []
		},
		{
			"name": "Post Transaction with Active member",
			"request": {
				"method": "POST",
				"header": [],
				"url": {
					"raw": "localhost:8080/transactions",
					"host": [
						"localhost"
					],
					"port": "8080",
					"path": [
						"transactions"
					]
				}
			},
			"response": []
		},
		{
			"name": "Post Transaction with InActive",
			"request": {
				"method": "POST",
				"header": [],
				"url": {
					"raw": "localhost:8080/transactions",
					"host": [
						"localhost"
					],
					"port": "8080",
					"path": [
						"transactions"
					]
				}
			},
			"response": []
		}
	]
}