{
	"info": {
		"_postman_id": "1ea1f546-a917-46e4-b08d-8ee74c81aeae",
		"name": "07-10_Member Inquiry",
		"schema": "https://schema.getpostman.com/json/collection/v2.1.0/collection.json",
		"_exporter_id": "26499707"
	},
	"item": [
		{
			"name": "getting AllMambershipOfMamberById",
			"request": {
				"auth": {
					"type": "bearer",
					"bearer": [
						{
							"key": "token",
							"value": "eyJhbGciOiJIUzUxMiJ9.eyJzdWIiOiJhcmp1bkBlbWFpbC5jb20iLCJpYXQiOjE2Nzk1MjQyNzUsImV4cCI6MTY3OTUzNTA3NX0.YH0aJOqGyhxNbW8clUALH_3oCPuMoO5VYAnEZA-LdmD2wskNsroVI7vViyzbeqaHwXFOuqBIjmidElII-4rYbg",
							"type": "string"
						}
					]
				},
				"method": "GET",
				"header": [],
				"url": {
					"raw": "localhost:8080/members/2/memberships",
					"host": [
						"localhost"
					],
					"port": "8080",
					"path": [
						"members",
						"2",
						"memberships"
					]
				}
			},
			"response": []
		},
		{
			"name": "getAllTransactionOfMemberById",
			"request": {
				"auth": {
					"type": "bearer",
					"bearer": [
						{
							"key": "token",
							"value": "eyJhbGciOiJIUzUxMiJ9.eyJzdWIiOiJhcmp1bkBlbWFpbC5jb20iLCJpYXQiOjE2Nzk1MTkxNDAsImV4cCI6MTY3OTUyOTk0MH0.uCPyfS309EWHN--dT5haYqzec8VAuNRBU3nhoFWWmxwHYcpFC2Xnyzs4ljT5udrspS1dTG-yvyJ1TQLF4JKqeA",
							"type": "string"
						}
					]
				},
				"method": "GET",
				"header": [],
				"url": {
					"raw": "localhost:8080/members/5/transactions",
					"host": [
						"localhost"
					],
					"port": "8080",
					"path": [
						"members",
						"5",
						"transactions"
					]
				}
			},
			"response": []
		},
		{
			"name": "getAllPlansOfMemberByMemberId",
			"request": {
				"auth": {
					"type": "bearer",
					"bearer": [
						{
							"key": "token",
							"value": "eyJhbGciOiJIUzUxMiJ9.eyJzdWIiOiJzdHVkZW50MkBnbWFpbC5jb20iLCJpYXQiOjE2Nzk1MjQ1ODYsImV4cCI6MTY3OTUzNTM4Nn0.yEIIsnW7fIFXCG52e8MFFi4jVK_VwpI2N5CSf8ob-Y-2BI_9Wpjt207sBGDylJoAFy7mJ5GyONL86scpzPnTqg",
							"type": "string"
						}
					]
				},
				"method": "GET",
				"header": [],
				"url": {
					"raw": "localhost:8080/members/2/plans",
					"host": [
						"localhost"
					],
					"port": "8080",
					"path": [
						"members",
						"2",
						"plans"
					]
				}
			},
			"response": []
		},
		{
			"name": "getListOfBadgeByMemberID",
			"request": {
				"auth": {
					"type": "bearer",
					"bearer": [
						{
							"key": "token",
							"value": "eyJhbGciOiJIUzUxMiJ9.eyJzdWIiOiJzdHVkZW50MkBnbWFpbC5jb20iLCJpYXQiOjE2Nzk1MjU2OTEsImV4cCI6MTY3OTUzNjQ5MX0.DvfEJLZXeY2w1kpwe-_w1byKaln-jDut-CetWEQv1uDtXLkldlho3KjUJDfiTvb_qvvaL8k-A2Qm8hl1Wpkpqw",
							"type": "string"
						}
					]
				},
				"method": "GET",
				"header": [],
				"url": {
					"raw": "localhost:8080/members/6/badges",
					"host": [
						"localhost"
					],
					"port": "8080",
					"path": [
						"members",
						"6",
						"badges"
					]
				}
			},
			"response": []
		}
	]
}