{
	"info": {
		"_postman_id": "368da094-2e1b-43b5-a2d9-7fae3731cea8",
		"name": "12_01_Successful Door Checker Scan",
		"schema": "https://schema.getpostman.com/json/collection/v2.1.0/collection.json",
		"_exporter_id": "26499707"
	},
	"item": [
		{
			"name": "getAllMembershipOfaMemberById",
			"request": {
				"auth": {
					"type": "bearer",
					"bearer": [
						{
							"key": "token",
							"value": "eyJhbGciOiJIUzUxMiJ9.eyJzdWIiOiJzdHVkZW50MkBnbWFpbC5jb20iLCJpYXQiOjE2Nzk1MjU2OTEsImV4cCI6MTY3OTUzNjQ5MX0.DvfEJLZXeY2w1kpwe-_w1byKaln-jDut-CetWEQv1uDtXLkldlho3KjUJDfiTvb_qvvaL8k-A2Qm8hl1Wpkpqw",
							"type": "string"
						}
					]
				},
				"method": "GET",
				"header": [],
				"url": {
					"raw": "localhost:8080/members/2/memberships",
					"host": [
						"localhost"
					],
					"port": "8080",
					"path": [
						"members",
						"2",
						"memberships"
					]
				}
			},
			"response": []
		},
		{
			"name": "getListOfBadgesByMemberId",
			"request": {
				"method": "GET",
				"header": []
			},
			"response": []
		}
	]
}